priority,clip_id,filepath,true_label,predicted_label,confidence,reason
MISSED_DANGER,54,C:\Users\rabbi\Desktop\2026\School\competi\MEIT\ai\dataset\horn\horn_horn (76)_000.wav,horn,normal,0.9391,
MISSED_DANGER,140,C:\Users\rabbi\Desktop\2026\School\competi\MEIT\ai\dataset\siren\siren_firetruck_sound_398_000.wav,siren,normal,0.8931,
false_positive_or_confused,36,C:\Users\rabbi\Desktop\2026\School\competi\MEIT\ai\dataset\horn\horn_horn (29)_003.wav,horn,crash,0.9675,
false_positive_or_confused,329,C:\Users\rabbi\Desktop\2026\School\competi\MEIT\ai\dataset\normal\normal_sounds_traffic_sound_481_000.wav,normal,horn,0.9604,
false_positive_or_confused,318,C:\Users\rabbi\Desktop\2026\School\competi\MEIT\ai\dataset\normal\normal_sounds_traffic_sound_421_000.wav,normal,horn,0.9294,
false_positive_or_confused,170,C:\Users\rabbi\Desktop\2026\School\competi\MEIT\ai\dataset\crash\crash_crash (75)_000.wav,crash,horn,0.9116,
false_positive_or_confused,310,"C:\Users\rabbi\Desktop\2026\School\competi\MEIT\ai\dataset\normal\normal_archive_(2)_Motocycles_BIKERS_100___Best_of_Superbikes_Sounds,_Wheelie_and_Burnout_Ultimate_Compilation_142_000.wav",normal,crash,0.8697,
false_positive_or_confused,133,C:\Users\rabbi\Desktop\2026\School\competi\MEIT\ai\dataset\siren\siren_firetruck_sound_359_000.wav,siren,horn,0.8646,
false_positive_or_confused,165,C:\Users\rabbi\Desktop\2026\School\competi\MEIT\ai\dataset\crash\crash_crash (49)_000.wav,crash,horn,0.8136,
false_positive_or_confused,104,C:\Users\rabbi\Desktop\2026\School\competi\MEIT\ai\dataset\siren\siren_firetruck_sound_226_000.wav,siren,horn,0.7488,
false_positive_or_confused,245,C:\Users\rabbi\Desktop\2026\School\competi\MEIT\ai\dataset\normal\normal_archive_(2)_Cars_Car_Passing_Sound_Effects_3_000.wav,normal,crash,0.7281,
false_positive_or_confused,87,C:\Users\rabbi\Desktop\2026\School\competi\MEIT\ai\dataset\siren\siren_ambulance_sound_79_000.wav,siren,crash,0.7163,
false_positive_or_confused,166,C:\Users\rabbi\Desktop\2026\School\competi\MEIT\ai\dataset\crash\crash_crash (49)_001.wav,crash,horn,0.7093,
false_positive_or_confused,178,C:\Users\rabbi\Desktop\2026\School\competi\MEIT\ai\dataset\crash\crash_crash_26_000.wav,crash,horn,0.6594,
